{"cameraMode":{"drawMode":0,"name":"Shaded","section":"Shading Mode"},"sceneLighting":true,"audioPlay":false,"sceneViewState":{"m_AlwaysRefresh":false,"showFog":true,"showSkybox":true,"showFlares":true,"showImageEffects":true,"showParticleSystems":true,"showVisualEffectGraphs":true,"m_FxEnabled":true},"in2DMode":false,"pivot":{"x":28.511634826660158,"y":-14.861409187316895,"z":-62.058475494384769},"rotation":{"x":0.014265764504671097,"y":0.9840355515480042,"z":-0.15232811868190766,"w":0.09122709184885025},"size":46.411277770996097,"orthographic":false}