{"cameraMode":{"drawMode":0,"name":"Shaded","section":"Shading Mode"},"sceneLighting":true,"audioPlay":false,"sceneViewState":{"showFog":true,"showMaterialUpdate":true,"showSkybox":true,"showFlares":true,"showImageEffects":true,"showParticleSystems":true},"in2DMode":false,"pivot":{"x":-12.227025985717774,"y":-0.5252456665039063,"z":-14.698403358459473},"rotation":{"x":0.00013739816495217383,"y":0.9153940081596375,"z":-0.4025590419769287,"w":0.00026748739765025675},"size":24.879547119140626,"orthographic":false}