{"cameraMode":{"drawMode":0,"name":"Shaded","section":"Shading Mode"},"sceneLighting":true,"audioPlay":false,"sceneViewState":{"showFog":true,"showMaterialUpdate":true,"showSkybox":true,"showFlares":true,"showImageEffects":true,"showParticleSystems":true},"in2DMode":false,"pivot":{"x":1.7519999742507935,"y":1.7200000286102296,"z":0.8899999856948853},"rotation":{"x":0.07263760268688202,"y":0.5903555750846863,"z":-0.05345745012164116,"w":0.802088737487793},"size":0.42868271470069888,"orthographic":false}