{"cameraMode":{"drawMode":0,"name":"Shaded","section":"Shading Mode"},"sceneLighting":true,"audioPlay":false,"sceneViewState":{"showFog":true,"showMaterialUpdate":true,"showSkybox":true,"showFlares":true,"showImageEffects":true,"showParticleSystems":true},"in2DMode":false,"pivot":{"x":18.687517166137697,"y":4.547393798828125,"z":16.494739532470704},"rotation":{"x":0.2425699532032013,"y":0.1437375694513321,"z":-0.03637658432126045,"w":0.958736777305603},"size":53.57318115234375,"orthographic":false}