{"cameraMode":{"drawMode":0,"name":"Shaded","section":"Shading Mode"},"sceneLighting":false,"audioPlay":false,"sceneViewState":{"showFog":true,"showMaterialUpdate":true,"showSkybox":true,"showFlares":true,"showImageEffects":true,"showParticleSystems":true},"in2DMode":false,"pivot":{"x":144.02078247070313,"y":169.29531860351563,"z":-9.093841552734375},"rotation":{"x":0.0025095439050346615,"y":0.9966126680374146,"z":-0.07519795000553131,"w":0.03320000693202019},"size":509.7017517089844,"orthographic":false}