{"cameraMode":{"drawMode":0,"name":"Shaded","section":"Shading Mode"},"sceneLighting":false,"audioPlay":false,"sceneViewState":{"showFog":true,"showMaterialUpdate":true,"showSkybox":true,"showFlares":true,"showImageEffects":true,"showParticleSystems":true},"in2DMode":false,"pivot":{"x":3.2673680782318117,"y":2.7391176223754885,"z":-6.989370822906494},"rotation":{"x":0.06035051867365837,"y":0.894548773765564,"z":-0.1272558867931366,"w":0.42420074343681338},"size":1.383150339126587,"orthographic":false}