{"cameraMode":{"drawMode":0,"name":"Shaded","section":"Shading Mode"},"sceneLighting":false,"audioPlay":false,"sceneViewState":{"showFog":true,"showMaterialUpdate":true,"showSkybox":true,"showFlares":true,"showImageEffects":true,"showParticleSystems":true},"in2DMode":false,"pivot":{"x":3.1500000953674318,"y":3.0460000038146974,"z":-7.273797988891602},"rotation":{"x":0.036373358219861987,"y":0.9604732394218445,"z":-0.15136635303497315,"w":0.230773463845253},"size":3.183150053024292,"orthographic":false}