{"cameraMode":{"drawMode":0,"name":"Shaded","section":"Shading Mode"},"sceneLighting":true,"audioPlay":false,"sceneViewState":{"showFog":true,"showMaterialUpdate":true,"showSkybox":true,"showFlares":true,"showImageEffects":true,"showParticleSystems":true},"in2DMode":false,"pivot":{"x":0.327421635389328,"y":8.910661697387696,"z":7.1713433265686039},"rotation":{"x":-0.04071357473731041,"y":0.06499642878770828,"z":-0.0026547263842076065,"w":-0.9970510601997376},"size":1.3935868740081788,"orthographic":false}