{"cameraMode":{"drawMode":0,"name":"Shaded","section":"Shading Mode"},"sceneLighting":true,"audioPlay":false,"sceneViewState":{"showFog":true,"showMaterialUpdate":true,"showSkybox":true,"showFlares":true,"showImageEffects":true,"showParticleSystems":true},"in2DMode":false,"pivot":{"x":-7.285594940185547,"y":1.8711113929748536,"z":3.813802719116211},"rotation":{"x":0.04158446565270424,"y":0.9519414305686951,"z":-0.2637729346752167,"w":0.15000732243061067},"size":7.989376068115234,"orthographic":false}